Title,Year
One Fine Day,1996
Mannequin,1987
Splash,1984
Pretty in Pink,1986
Say Anything…,1989
Mystic Pizza,1988
A Walk to Remember,2002
Wimbledon,2004
Knocked Up,2007
Notting Hill,1999
Can't Hardly Wait,1998
Say Anything...,1989
Jerry Maguire,1996
Fallen Angels,1995
Groundhog Day,1993
Licorice Pizza,2021
The Apartment,1960
La La Land,2016
Her,2013
Edward Scissorhards,1990
Moonrise Kingdom,2012
Singles,1992
About Time,2013
Sideways,2004
Punch-drunk love,2002
High Fidelity,2000
(500) Days of Summer,
The Big Sick,
Punch Drunk Love,
But I'm A Cheerleader,
A Knight's Tale,
Beginners,
Wimbledon,
Serendipity,
Two weeks notice,
Miss Congeniality,
What's your number?,
Dirty Dancing,
Holidate,
Leap Year,
The wedding date,
Breakfast at Tiffany's,1961
Murphy's Romance,1985
Four Weddings and a Funeral,1994
Jerry Maguire,1996
As Good as It Gets,1997
Elvis & Anabelle,2007
The Other End of the Line,2007
The 40 Year Old Virgin,
There's Something about Mary,
She's Out of Your League,
The Vow,
Meet Joe Black,
Runaway Bride,
Must Love Dogs,
(500) Days of Summer,2009
10 Things I Hate About You,1999
13 Going On 30,2004
17 Again,2009
27 Dresses,2008
50 First Dates,2004
A Christmas Prince,2017
A Christmas Prince: The Royal Wedding,2018
A Christmas Prince: The Royal Baby,2019
A Cinderella Story,2004
A Perfect Pairing,2022
About Fate,2022
About Last Night,1986
Alex & Emma,2003
Aloha,2015
Along Came Polly,2004
Always Be My Maybe,2019
Anyone But You,2023
Because I Said So,2007
Before We Go,2014
Book Club,2018
Bridget Jones's Baby,2016
Bridget Jones's Diary ,2001
Bridget Jones: The Edge of Reason,2004
Bros,2022
Catch and Release,2007
Christmas With the Campbells,2022
Christmas With You,2022
Confessions of a Shopaholic,2009
Crazy Rich Asians,2018
Dating & New York,2021
"Definitely, Maybe",2008
Dirty Dancing,1987
Down With Love,2003
Easy A,2010
Elemental,2023
Enchanted,2007
Exmas,2023
Failure to Launch,2006
Falling for Christmas,2022
Father of the Bride,1991
Father of the Bride,2022
Fever Pitch,2005
Fire Island,2022
Fools Rush In,1997
Four Weddings and a Funeral,1994
Friends with Benefits ,2011
Ghosted,2023
Ghosts of Girlsfriends Past,2009
Going the Distance,2010
Happiest Season,2020
"Hello, Goodbye, And Everything In Between",2022
He's Just Not That Into You,2009
Hitch,2005
Holidate,2020
Home Again,2017
How Do You Know,2010
How To Be Single,2016
I Could Never Be Your Woman,2007
I Love You Man,2009
I Want You Back,2022
Isn't It Romantic,2019
It's Complicated,2009
Jerry Maguire,1996
Just Friends,2005
Just Go With It,2011
Just Like Heaven,2005
Just My Luck,2006
Knocked Up,2007
Leap Year,2010
Let It Snow,2019
Life as We Know It,2010
Little Italy,2018
Love Again,2023
Love at First Sight,2023
Love & Basketball,2000
Love & Gelato,2022
Love Hard,2021
Love in the Villa,2022
"Love, Rosie",2014
Made of Honor,2008
Maid in Manhattan,2002
Mamma Mia!,2008
Mamma Mia! Here We Go Again,2018
Man Up,2015
Marry Me,2022
Meet Cute,2022
Music & Lyrics,2007
Must Love Dogs,2005
My Best Friend's Wedding,1997
My Big Fat Greek Wedding,2002
No Strings Attached,2010
One Day,2011
One Fine Day,1996
Only You,1994
Palm Springs,2020
Perfect Find,2023
Plus One,2019
Puppy Love,2023
Princess Diaries,2001
Princess Diaries 2,2004
Punch-Drunk Love,2002
"Red, White & Royal Blue",2023
Rumor Has It...,2005
Runaway Bride,1999
Rye Lane,2023
Say Anything,1989
Serendipity,2001
Set It Up,2018
She's All That,1999
She's The Man,2006
Shotgun Wedding,2022
Single All the Way,2021
Sleeping with Other People,2015
Someone Great ,2019
Something Borrowed,2011
Something's Gotta Give,2003
Summer Catch,2001
Sweet Home Alabama,2002
Sydney White,2007
Taylor Swift x Travis Kelce: On The Map,2023
The American President,1995
The Big Wedding,2013
The Broken Hearts Gallery,2020
The Duff,2015
The Family Stone,2005
The Five-Year Engagement,2012
The Hating Game,2021
The Lost City,2022
The Lovebirds,2020
The Map of Tiny Perfect Things,2021
The Nanny Diaries,2007
The Noel Diary,2022
The Other Woman,2014
The Other Zoey,2023
The Princess Switch,2018
The Princess Switch: Switched Again,2020
The Princess Switch: Romancing the Star,2021
The Valet,2022
The Wedding Date,2005
The Wedding Planner,2005
The Wedding Singer,1998
This Is 40,2012
This Means War,2012
Ticket to Paradise,2022
To All the Boys I've Loved Before,2018
"To All the Boys: Always and Forever, Lara Jean",2021
To All the Boys: P.S. I Still Love You,2020
Trainwreck,2015
Two Night Stand,2014
Two Weeks Notice,2002
Valentine's Day,2010
Wedding Season,2022
What A Girl Wants,2003
What Happens in Vegas,2008
What Happens Later,2023
What If,2013
What's Love Got To Do With It?,2023
What Men Want,2019
What's Your Number?,2011
When In Rome,2010
Which Brings Me To You,2023
While You Were Sleeping,1995
Wimbledon,2004
Working Girl,1988
You Again,2010
Moonrise Kingdom,2012
Flipped,2010
Little Manhattan,2005
It's Kind of a Funny Story,2010
500 Days of Summer,2009
Eternal Sunshine of the Spotless Mind,2004
Just Go with It,2011
Me and Earl and the Dying Girl,2015
Sing Street,2016
The Art of Getting By,2011
The Fault in Our Stars,2014
The Perks of Being a Wallflower,2012
The Proposal,2009
Easy A,2010
No Strings Attached,2011
A Walk to Remember,2002
Me Before You,2016
Made of Honor,2008
50/50,2011
Ghosts of Girlfriends Past,2009
Love Actually,2003
Midnight in Paris,2011
Before Sunrise,1995
Stranger Than Fiction,2006
Holidate,2020
My Girl,1991
As Good as It Gets,1997
"Definitely, Maybe",2008
Love & Other Drugs,2010
The Map of Tiny Perfect Things,2021
Nick and Norah's Infinite Playlist,2008
What If,2013
Charlie Bartlett,2007
14 Phere,2021
Bang Baaja Baaraat,2015
Love Per Square Foot,2018
Flames,2018
ImMATURE,2019
"Love, Rosie",2014
You've Got Mail,1998
Knocked Up,2007
She's the Man,2006
50 First Dates,2004
The Ugly Truth,2009
Sleepless in Seattle,1993
Friends with Benefits,2011
Pretty Woman,1990
When in Rome,2010
27 Dresses,2008
The Holiday,2006
Hitch,2005
500 Days of Summer,2009
Just Go with It,2011
The 40-Year-Old Virgin,2005
She's Out of My League,2010
"Definitely, Maybe",2008
Just Married,2003
Leap Year,2010
No Reservations,2007
Music and Lyrics,2007
The Five-Year Engagement,2012
No Strings Attached,2011
The Break-Up,2006
"Crazy, Stupid, Love.",2011
Wedding Crashers,2005
What's Your Number?,2011
The Switch,2010
Pretty in Pink,1986
Life as We Know It,2010
Shallow Hal,2001
Annie Hall,1977
The Girl Next Door,2004
Say Anything,1989
13 Going on 30,2004
Bridget Jones's Diary,2001
Clueless,1995
Meet the Parents,2000
Made of Honor,2008
It Could Happen to You,1994
Amélie,2001
About a Boy,2002
While You Were Sleeping,1995
"I Love You, Man",2009
There's Something About Mary,1998
The Wedding Singer,1998
Monster-in-Law,2005
Valentine's Day,2010
Just Friends,2005
Yes Man,2008
Rumor Has It...,2005
The Wedding Date,2005
Sex and the City,2008
Anything Else,2003
Addicted to Love,1997
Take Me Home Tonight,2011
The Invention of Lying,2009
The Sweetest Thing,2002
My Fake Fiancé,2009
Imagine Me & You,2005
Runaway Bride,1999
The Bounty Hunter,2010
Blended,2014
Groundhog Day,1993
Silver Linings Playbook,2012
Roxanne,1987
Punch-Drunk Love,2002
Splash,1983
Four Weddings and a Funeral,1994
My Best Friend's Wedding,1997
Never Been Kissed,1999
Brown Sugar,2002
Chasing Amy,1997
Easy A,2010
Shakespeare in Love,1998
Enough Said,2013
Something's Gotta Give,2003
Chocolat,2000
Moonstruck,1987
The Princess Bride,1987
Six Days Seven Nights,1998
Must Love Dogs,2005
Sweet Home Alabama,2002
Failure to Launch,2006
Bridesmaids,2011
I Give It a Year,2013
High School Musical,2006
Jerry Maguire,1996
Save the Date,2012
An Affair to Remember,1957
One Fine Day,1996
Fool's Gold,2008
Mamma Mia!,2008
In Her Shoes,2005
Spanglish,2004
Four Weddings and a Funeral,1994
While You Were Sleeping,1995
My Best Friend's Wedding,1997
Falling in Love,1984
My Big Fat Greek Wedding,2002
Emma,1996
Sliding Doors,1998
What Women Want,2000
500 Days of Summer,2009
Serendipity,2001
The Princess Diaries,2001
Sixteen Candles,1984
The Wedding Singer,1998
Legally Blonde,2001
Breakfast at Tiffany's,1961
Annie Hall,1977
Some Kind of Wonderful,1987
Bridget Jones's Diary,2001
Roman Holiday,1953
It Happened One Night,1934
Valentine's Day,2010
Garden State,2004
Before Sunset,2004
Something's Gotta Give,2003
Runaway Bride,1999
Shallow Hal,2001
There's Something About Mary,1998
Endless Love,1981
Nick and Norah's Infinite Playlist,2008
Nine Months,1995
Green Card,1990
Before Sunrise,1995
The Graduate,1967
Kate & Leopold,2001
True Romance,1993
Heartbreaker,2010
Love & Other Drugs,2010
Dirty Dancing,1987
The Sure Thing,1985
Eat Pray Love,2010
Bird on a Wire,1990
The Breakfast Club,1985
Hitch,2005
The Object of My Affection,1998
Elizabethtown,2005
Pleasantville,1998
Sweet Home Alabama,2002
Sex and the City,2008
The American President,1995
Sabrina,1995
One Fine Day,1996
Mannequin,1987
Amélie,2001
Wedding Crashers,2005
Along Came Polly,2004
The Wedding Date,2005
Made of Honor,2008
The Family Stone,2005
The 40-Year-Old Virgin,2005
Laws of Attraction,2004
Two Weeks Notice,2002
Duplex,2003
It's Complicated,2009
Bull Durham,1988
Only You,1994
Confessions of a Shopaholic,2009
When in Rome,2010
27 Dresses,2008
Someone Like You,2001
HouseSitter,1992
Pretty in Pink,1986
She's All That,1999
French Kiss,1995
Can't Buy Me Love,1987
Blast from the Past,1999
Benny & Joon,1993
Reality Bites,1994
Punch-Drunk Love,2002
Little Black Book,2004
The Bachelor,1999
Addicted to Love,1997
Cocktail,1988
About a Boy,2002
Wimbledon,2004
Secret Admirer,1985
Leap Year,2010
Our Family Wedding,2010
Valentine's Day,2010
Serendipity,2001
The Bounty Hunter,2010
The Wedding Singer,1998
When Harry Met Sally...,1989
She's All That,1999
Music and Lyrics,2007
When in Rome,2010
Confessions of a Shopaholic,2009
Knocked Up,2007
No Strings Attached,2011
Sex and the City,2008
Sweet Home Alabama,2002
How to Lose a Guy in 10 Days,2003
The Break-Up,2006
Sex and the City 2,2010
Maid in Manhattan,2002
What Happens in Vegas,2008
27 Dresses,2008
Leap Year,2010
Six Days Seven Nights,1998
Shallow Hal,2001
Fool's Gold,2008
Forgetting Sarah Marshall,2008
Just Go with It,2011
Easy A,2010
Life as We Know It,2010
Just Married,2003
License to Wed,2007
No Reservations,2007
Rumor Has It...,2005
Because I Said So,2007
Pretty in Pink,1986
Blind Date,1987
40 Days and 40 Nights,2002
The Back-up Plan,2010
The Heartbreak Kid,2007
Just Friends,2005
"Definitely, Maybe",2008
She's Out of My League,2010
The Wedding Date,2005
How Do You Know,2010
Picture Perfect,1997
Can't Buy Me Love,1987
50 First Dates,2004
Did You Hear About the Morgans?,2009
The Prince and Me,2004
Brown Sugar,2002
Someone Like You,2001
Two Can Play That Game,2001
Love Don't Cost a Thing,2003
A Lot Like Love,2005
Boys and Girls,2000
Just Wright,2010
Reality Bites,1994
Say Anything,1989
Little Black Book,2004
Only You,1994
Summer Catch,2001
My Best Friend's Girl,2008
Waitress,2007
Laws of Attraction,2004
Drive Me Crazy,1999
Going the Distance,2010
Just My Luck,2006
Win a Date with Tad Hamilton!,2004
Serving Sara,2002
That Old Feeling,1997
The Perfect Man,2005
A Guy Thing,2003
Life or Something Like It,2002
The Pick-up Artist,1987
Chasing Liberty,2004
The Last Kiss,2006
Hitch,2005
Get Over It,2001
Something New,2006
First Daughter,2004
Imagine Me & You,2005
Little Manhattan,2005
Never Again,2001
The Romantics,2010
What Women Want,2011
All Over the Guy,2001
Crush,2001
Head Over Heels,2001
Whatever It Takes,2000
My Life in Ruins,2009
Boat Trip,2002
On the Line,2001
Anything Else,2003
There's Something About Mary,1998
